epoch,loss,val_loss
0,20.313068389892578,3.2654330730438232
1,1.8793189525604248,1.2323275804519653
2,0.9429206252098083,0.8900573253631592
3,0.5975770950317383,0.5786188840866089
4,0.3054264783859253,0.4318769574165344
5,0.0958370640873909,0.36426523327827454
6,-0.03882116824388504,0.35305365920066833
7,-0.13259492814540863,0.3218311071395874
8,-0.21156513690948486,0.3238784670829773
9,-0.2751442492008209,0.2761629819869995
10,-0.34886425733566284,0.25336459279060364
11,-0.3983285427093506,0.19425000250339508
12,-0.4509630799293518,0.25667956471443176
13,-0.48839083313941956,0.1874442994594574
14,-0.5272201299667358,0.14117370545864105
15,-0.5672562718391418,0.21981669962406158
16,-0.6036729216575623,0.11396869271993637
17,-0.642645001411438,0.10187175869941711
18,-0.6683641672134399,0.04256176948547363
19,-0.7085180878639221,0.058305393904447556
20,-0.7371588349342346,-0.012790952809154987
21,-0.7804348468780518,0.010672202333807945
22,-0.799868106842041,0.008595345541834831
23,-0.8218396306037903,-0.05912322551012039
24,-0.8347365260124207,-0.08591926842927933
25,-0.8527786135673523,-0.10914496332406998
26,-0.8855506777763367,-0.022770894691348076
27,-0.8991754055023193,-0.11151541769504547
28,-0.9199344515800476,-0.1343844085931778
29,-0.9253565669059753,-0.10312951356172562
30,-0.9374818205833435,-0.16550709307193756
31,-0.9560726284980774,-0.19920150935649872
32,-0.9668726325035095,-0.11234297603368759
33,-0.9771309494972229,-0.16471627354621887
34,-0.9905397295951843,-0.2324223667383194
35,-0.9943205118179321,-0.16614040732383728
36,-1.0153292417526245,-0.19495072960853577
37,-1.0260812044143677,-0.21708017587661743
38,-1.0253962278366089,-0.24936962127685547
39,-1.0405924320220947,-0.22830413281917572
40,-1.0440481901168823,-0.30305543541908264
41,-1.0616637468338013,-0.3196631968021393
42,-1.0730149745941162,-0.19275377690792084
43,-1.08692467212677,-0.24524259567260742
44,-1.0862088203430176,-0.29198187589645386
45,-1.08864426612854,-0.3142055869102478
46,-1.1046563386917114,-0.303853839635849
47,-1.108946442604065,-0.3283737897872925
48,-1.1166579723358154,-0.3565641939640045
49,-1.1275670528411865,-0.33142906427383423
